id,Имя,Фамилия,email,пол,ip_адресс,Leticia,Tolotti,ltolotti0@telegraph.co.uk,Female,21.152.87.137
2,Stormi,Lerwell,slerwell1@slashdot.org,Female,212.164.122.99
3,Theo,Cornils,tcornils2@washington.edu,Male,5.234.42.80
4,Lonny,Ewers,lewers3@rambler.ru,Male,201.200.196.228
5,Reid,MacMychem,rmacmychem4@mit.edu,Male,252.124.118.170
6,Ginger,Fromont,gfromont5@ca.gov,Female,143.19.217.222
7,Quintilla,Cammidge,qcammidge6@com.com,Female,183.1.211.231
8,Karoly,MacMichael,kmacmichael7@tripod.com,Male,160.237.190.198
9,Halsey,Otson,hotson8@gnu.org,Male,43.80.58.79
10,Brose,Gilgryst,bgilgryst9@nps.gov,Male,0.169.40.84
11,Annabella,Broadwell,abroadwella@people.com.cn,Female,23.82.212.85
12,Caspar,Kanwell,ckanwellb@fc2.com,Male,115.220.250.2
13,Artemus,Gowthrop,agowthropc@nymag.com,Male,89.28.189.74
14,Wes,Bourgour,wbourgourd@sciencedirect.com,Male,136.18.100.189
15,Cly,Costen,ccostene@gizmodo.com,Male,111.25.3.199
16,Jorry,Edensor,jedensorf@1und1.de,Female,188.30.236.10
17,Elvis,Drinkale,edrinkaleg@xrea.com,Male,247.144.81.73
18,Patience,McCambrois,pmccambroish@ebay.com,Female,120.59.170.250
19,Penny,Eley,peleyi@boston.com,Male,246.50.18.172
20,Errol,Calcutt,ecalcuttj@github.com,Male,100.217.194.121
21,Tobye,Gurdon,tgurdonk@simplemachines.org,Female,10.184.65.31
22,Chen,Cella,ccellal@booking.com,Male,12.27.223.233
23,Kilian,Kettle,kkettlem@constantcontact.com,Male,6.12.197.146
24,Editha,Curtin,ecurtinn@foxnews.com,Female,225.190.229.206
25,Alonzo,Fronks,afronkso@woothemes.com,Male,74.238.181.42
26,Elisabetta,Pagelsen,epagelsenp@intel.com,Female,146.222.212.57
27,Nicoline,Dunabie,ndunabieq@moonfruit.com,Female,255.76.191.122
28,Marcy,Rusling,mruslingr@woothemes.com,Female,176.5.49.185
29,Wendel,Alejo,walejos@dmoz.org,Male,13.190.2.76
30,Boothe,Gask,bgaskt@ebay.co.uk,Male,46.3.190.246
31,Garrott,Garwood,ggarwoodu@alexa.com,Male,194.220.219.243
32,Panchito,Yurlov,pyurlovv@un.org,Male,191.6.174.10
33,Shawn,Verner,svernerw@weather.com,Male,168.111.175.162
34,Deidre,Garretson,dgarretsonx@geocities.com,Female,99.159.240.90
35,Valentia,Joules,vjoulesy@blogspot.com,Female,89.87.121.245
36,Ozzie,Pocklington,opocklingtonz@discovery.com,Male,143.249.186.104
37,Hamlen,Tuckie,htuckie10@merriam-webster.com,Male,0.206.217.40
38,Jeromy,Linsay,jlinsay11@friendfeed.com,Male,153.234.157.140
39,Brunhilda,Allone,ballone12@sina.com.cn,Female,24.82.58.221
40,Betsey,Bore,bbore13@princeton.edu,Female,128.183.27.190
41,Stanleigh,Airs,sairs14@tmall.com,Male,50.81.198.161
42,Luce,Karpets,lkarpets15@ustream.tv,Male,255.229.233.203
43,Rutherford,Coysh,rcoysh16@apache.org,Male,199.72.73.153
44,Jonis,Krale,jkrale17@blogspot.com,Female,181.27.194.63
45,Corrie,Riehm,criehm18@statcounter.com,Male,74.50.215.21
46,Sidney,Reyne,sreyne19@pbs.org,Male,197.148.44.143
47,Darleen,Greenland,dgreenland1a@usa.gov,Female,107.11.227.190
48,Hamel,Lahy,hlahy1b@dell.com,Male,19.252.23.37
49,Lotty,Llewellen,lllewellen1c@china.com.cn,Female,235.182.103.16
50,Oralee,Schieferstein,oschieferstein1d@scribd.com,Female,138.142.140.70
51,Nappie,Connew,nconnew1e@webmd.com,Male,208.107.45.36
52,Cody,Capstake,ccapstake1f@tmall.com,Male,20.50.63.80
53,Ange,Farrington,afarrington1g@earthlink.net,Male,60.55.0.131
54,Halsy,Sandiford,hsandiford1h@epa.gov,Male,119.146.190.120
55,Corbie,Hessenthaler,chessenthaler1i@google.cn,Male,67.200.61.235
56,Augusto,Marrow,amarrow1j@pcworld.com,Male,81.38.181.198
57,Bealle,Quinion,bquinion1k@xrea.com,Male,39.172.111.212
58,Fania,Curling,fcurling1l@forbes.com,Female,168.25.34.244
59,Gretna,Schruur,gschruur1m@over-blog.com,Female,127.214.167.142
60,Des,Carwithim,dcarwithim1n@qq.com,Male,224.194.88.121
61,Dallon,Likly,dlikly1o@washington.edu,Male,169.238.201.18
62,Pammi,De la Barre,pdelabarre1p@mozilla.org,Female,127.208.211.97
63,Felecia,Monaghan,fmonaghan1q@usda.gov,Female,180.94.109.52
64,Perl,Benford,pbenford1r@google.ru,Female,222.122.42.188
65,Logan,Dakin,ldakin1s@csmonitor.com,Male,162.9.187.20
66,Wandie,Corry,wcorry1t@yahoo.co.jp,Female,195.69.106.146
67,Ashton,Hugonet,ahugonet1u@hugedomains.com,Male,158.26.19.38
68,Ardis,Yeliashev,ayeliashev1v@xing.com,Female,31.238.245.85
69,Wendye,Cornbill,wcornbill1w@hud.gov,Female,31.12.47.142
70,Daveta,Devenny,ddevenny1x@mapquest.com,Female,35.100.86.23
71,Tadeas,McCusker,tmccusker1y@ehow.com,Male,31.46.148.136
72,Andy,Guswell,aguswell1z@php.net,Male,41.45.238.219
73,Gaylene,Dinan,gdinan20@cdbaby.com,Female,188.156.226.82
74,Riane,Ludford,rludford21@geocities.com,Female,178.248.108.225
75,Noach,Geharke,ngeharke22@webnode.com,Male,41.61.221.47
76,Irma,Rean,irean23@sphinn.com,Female,196.82.145.27
77,Kinny,Flipsen,kflipsen24@ning.com,Male,110.182.5.84
78,Christen,Hachard,chachard25@bandcamp.com,Female,197.81.220.85
79,Hedwig,Flisher,hflisher26@studiopress.com,Female,52.43.73.179
80,Hatti,Chater,hchater27@is.gd,Female,235.47.13.125
81,Jennine,Waterstone,jwaterstone28@sitemeter.com,Female,27.162.99.188
82,Barnaby,Avrahamy,bavrahamy29@arstechnica.com,Male,59.152.119.100
83,Vladimir,Poundford,vpoundford2a@omniture.com,Male,248.217.129.199
84,Hertha,Feaver,hfeaver2b@xrea.com,Female,187.85.64.35
85,Roderick,Borrowman,rborrowman2c@omniture.com,Male,32.8.151.118
86,Gordon,Hubner,ghubner2d@freewebs.com,Male,90.141.44.171
87,Rosaline,Banham,rbanham2e@gizmodo.com,Female,30.231.21.196
88,Reinhold,Yeude,ryeude2f@seesaa.net,Male,8.63.219.169
89,Quinton,Walley,qwalley2g@eventbrite.com,Male,145.96.17.185
90,Viola,Tofanelli,vtofanelli2h@mozilla.org,Female,49.27.170.45
91,Pandora,Lyness,plyness2i@woothemes.com,Female,104.192.152.43
92,Lacey,Whitehall,lwhitehall2j@un.org,Female,47.71.222.189
93,Farlay,O' Loughran,foloughran2k@plala.or.jp,Male,186.232.144.35
94,Margie,Wrathall,mwrathall2l@vistaprint.com,Female,138.233.3.21
95,Sheila,Amorts,samorts2m@ibm.com,Female,137.134.169.208
96,Daphne,Caswall,dcaswall2n@tinypic.com,Female,86.106.211.222
97,Harlen,Templar,htemplar2o@ftc.gov,Male,224.94.131.55
98,Evered,Vicar,evicar2p@wikispaces.com,Male,38.238.214.129
99,Octavius,Jacqueminet,ojacqueminet2q@sfgate.com,Male,209.88.39.61
100,Aliza,Scini,ascini2r@eepurl.com,Female,22.101.238.196
101,Lazar,Jeanequin,ljeanequin2s@rediff.com,Male,51.46.58.210
102,Brande,Frayling,bfrayling2t@pagesperso-orange.fr,Female,119.135.114.171
103,Christophorus,Heatlie,cheatlie2u@typepad.com,Male,118.48.241.41
104,Koenraad,Bauld,kbauld2v@unc.edu,Male,97.238.110.219
105,Tiebold,Goble,tgoble2w@miibeian.gov.cn,Male,185.237.62.71
106,Gerik,Osman,gosman2x@360.cn,Male,93.190.242.166
107,Spike,Roussel,sroussel2y@washington.edu,Male,65.206.60.222
108,Rickard,Andriolli,randriolli2z@thetimes.co.uk,Male,188.41.206.191
109,Mersey,Sterzaker,msterzaker30@theatlantic.com,Female,191.157.113.198
110,Norbert,Gisburn,ngisburn31@so-net.ne.jp,Male,28.206.40.126
111,Farlay,Goldine,fgoldine32@amazonaws.com,Male,69.210.39.189
112,Phillipp,Donisthorpe,pdonisthorpe33@slideshare.net,Male,250.245.27.2
113,Odie,McGoogan,omcgoogan34@github.io,Male,180.22.15.28
114,Keefer,Thompson,kthompson35@jigsy.com,Male,235.116.18.128
115,Noreen,Bartoszewski,nbartoszewski36@newsvine.com,Female,214.224.150.20
116,Carson,Scutching,cscutching37@businessweek.com,Male,166.204.246.201
117,Hayley,Broy,hbroy38@clickbank.net,Female,223.66.158.204
118,Ahmed,Lennarde,alennarde39@yale.edu,Male,218.65.112.236
119,Blayne,Muslim,bmuslim3a@yolasite.com,Male,192.75.161.50
120,Vonnie,Marzelo,vmarzelo3b@adobe.com,Female,220.202.70.183
121,Hendrik,Fawdry,hfawdry3c@weibo.com,Male,197.227.13.132
122,Kerwinn,Fluger,kfluger3d@jimdo.com,Male,181.116.24.209
123,Chrissy,Brettell,cbrettell3e@reddit.com,Female,19.114.253.236
124,Marsh,Pumfrey,mpumfrey3f@businessweek.com,Male,66.32.82.224
125,Lynna,Schrader,lschrader3g@bloglovin.com,Female,135.110.65.102
126,Claudia,Wattam,cwattam3h@slideshare.net,Female,47.20.229.57
127,Wally,Maffeo,wmaffeo3i@businessweek.com,Male,224.208.157.48
128,Sioux,Gillebride,sgillebride3j@yandex.ru,Female,83.217.59.101
129,Hannis,Hatto,hhatto3k@purevolume.com,Female,57.40.96.252
130,Sibyl,Oxbrow,soxbrow3l@networkadvertising.org,Female,68.232.8.59
131,Mikkel,Spellar,mspellar3m@edublogs.org,Male,8.215.66.30
132,Aubrette,Frankcomb,afrankcomb3n@cnet.com,Female,168.110.142.220
133,Alyda,De Gregorio,adegregorio3o@huffingtonpost.com,Female,237.203.210.248
134,Joanne,Barajaz,jbarajaz3p@moonfruit.com,Female,14.50.172.75
135,Friedrich,Kirman,fkirman3q@boston.com,Male,95.124.7.40
136,Ricard,Hassekl,rhassekl3r@addtoany.com,Male,138.138.73.129
137,Erminie,Pechet,epechet3s@vkontakte.ru,Female,173.77.209.133
138,Yale,Lanchbery,ylanchbery3t@irs.gov,Male,181.227.148.136
139,Guinevere,Konke,gkonke3u@google.de,Female,152.137.75.244
140,Gonzalo,Willacot,gwillacot3v@ucla.edu,Male,253.93.54.227
141,Bea,Irlam,birlam3w@oracle.com,Female,116.198.43.74
142,Remington,Goodson,rgoodson3x@163.com,Male,9.240.7.172
143,Tara,O'Roan,toroan3y@exblog.jp,Female,202.133.216.116
144,Dill,Jiroutek,djiroutek3z@wisc.edu,Male,4.43.221.235
145,Kellina,Burnsall,kburnsall40@yale.edu,Female,5.99.80.108
146,Joseito,Crosskill,jcrosskill41@youtu.be,Male,151.36.16.52
147,Alica,Ashe,aashe42@webmd.com,Female,214.159.30.57
148,Berton,Blune,bblune43@nba.com,Male,10.248.212.97
149,Dolorita,Liggens,dliggens44@dagondesign.com,Female,124.61.53.199
150,Charmian,Dutson,cdutson45@usda.gov,Female,230.9.227.103
151,Leonardo,Gent,lgent46@sakura.ne.jp,Male,36.189.16.108
152,Tanitansy,Bowne,tbowne47@newsvine.com,Female,147.132.163.107
153,Pollyanna,Drysdale,pdrysdale48@infoseek.co.jp,Female,160.112.216.244
154,Ralf,LaBastida,rlabastida49@sitemeter.com,Male,242.5.205.112
155,Merrick,Turvie,mturvie4a@google.es,Male,249.219.171.204
156,Urbano,Witz,uwitz4b@earthlink.net,Male,19.167.64.179
157,Brandon,Mockler,bmockler4c@cnet.com,Male,160.18.70.63
158,Conway,Wike,cwike4d@admin.ch,Male,205.147.18.111
159,Hugh,Gascoine,hgascoine4e@wordpress.org,Male,222.183.59.167
160,Jorry,McKennan,jmckennan4f@diigo.com,Female,48.120.97.33
161,Jdavie,Guillard,jguillard4g@moonfruit.com,Male,135.237.34.31
162,Blinni,McAllaster,bmcallaster4h@phoca.cz,Female,67.73.225.199
163,Ollie,Angric,oangric4i@sitemeter.com,Female,100.233.98.49
164,Gage,Wreakes,gwreakes4j@bbb.org,Male,33.115.221.144
165,Fergus,Stamper,fstamper4k@people.com.cn,Male,159.72.120.18
166,Onofredo,Vero,overo4l@bluehost.com,Male,83.197.105.63
167,Kilian,Beazley,kbeazley4m@networkadvertising.org,Male,136.121.107.103
168,Leland,Strafford,lstrafford4n@infoseek.co.jp,Female,127.135.94.234
169,Alair,Giovannardi,agiovannardi4o@state.gov,Male,215.72.231.101
170,Early,Rodliff,erodliff4p@people.com.cn,Male,134.244.67.42
171,Renelle,Sywell,rsywell4q@geocities.com,Female,54.181.137.134
172,Maritsa,Matisse,mmatisse4r@gizmodo.com,Female,118.156.81.226
173,Jecho,Kynsey,jkynsey4s@deviantart.com,Male,73.102.48.200
174,Ettie,Eborn,eeborn4t@cloudflare.com,Female,53.169.23.195
175,Etan,Puden,epuden4u@arizona.edu,Male,243.46.35.194
176,Kania,Kenningley,kkenningley4v@tiny.cc,Female,249.34.232.80
177,Omero,Treleven,otreleven4w@cnet.com,Male,37.71.173.252
178,Minne,Cudbertson,mcudbertson4x@blog.com,Female,2.181.80.106
179,Nigel,Amaya,namaya4y@reverbnation.com,Male,9.92.100.104
180,Vaughn,Wallman,vwallman4z@delicious.com,Male,27.183.70.93
181,Liana,McLafferty,lmclafferty50@slashdot.org,Female,21.211.81.101
182,Nedi,Cumbes,ncumbes51@netvibes.com,Female,100.72.249.36
183,Elset,Mabbitt,emabbitt52@uol.com.br,Female,1.123.255.247
184,Shep,MacAne,smacane53@pinterest.com,Male,253.96.139.235
185,Robin,Bhar,rbhar54@google.co.uk,Female,88.97.107.2
186,Clint,Hammond,chammond55@chronoengine.com,Male,174.126.96.154
187,Anna-diana,Twallin,atwallin56@cnet.com,Female,176.248.106.244
188,Maxine,Lidington,mlidington57@weather.com,Female,120.138.211.144
189,Beale,Mathiot,bmathiot58@meetup.com,Male,43.55.169.79
190,Ruy,Fitch,rfitch59@freewebs.com,Male,129.31.83.18
191,Norbie,Broy,nbroy5a@rediff.com,Male,128.117.160.191
192,Sophey,Maplestone,smaplestone5b@ibm.com,Female,114.68.190.10
193,Kirby,Gaskal,kgaskal5c@xrea.com,Female,231.162.185.200
194,Massimo,Fandrich,mfandrich5d@buzzfeed.com,Male,159.157.217.231
195,Holt,Cotta,hcotta5e@yahoo.com,Male,210.112.143.70
196,Percival,St. Queintain,pstqueintain5f@istockphoto.com,Male,116.63.54.194
197,Nicol,Handlin,nhandlin5g@ifeng.com,Female,221.190.42.208
198,Manfred,Epsley,mepsley5h@sbwire.com,Male,166.21.90.121
199,Harrison,Huthart,hhuthart5i@bravesites.com,Male,38.127.243.89
200,Karalee,Alvis,kalvis5j@si.edu,Female,116.190.27.220
201,Carmon,Briscam,cbriscam5k@usda.gov,Female,34.251.232.53
202,Frazier,Bohea,fbohea5l@dmoz.org,Male,83.182.51.28
203,Lanae,Parcell,lparcell5m@freewebs.com,Female,37.32.155.220
204,Arluene,Furst,afurst5n@drupal.org,Female,212.253.16.102
205,Celisse,Champneys,cchampneys5o@jiathis.com,Female,68.220.196.19
206,Stephen,Sergant,ssergant5p@last.fm,Male,22.48.127.59
207,Simmonds,Stenton,sstenton5q@dot.gov,Male,41.116.30.255
208,Angeli,Slaughter,aslaughter5r@dot.gov,Male,36.188.228.96
209,Adey,Russen,arussen5s@comsenz.com,Female,149.190.155.99
210,Esmaria,Slimings,eslimings5t@last.fm,Female,111.205.145.215
211,Hobey,O'Loghlen,hologhlen5u@hexun.com,Male,123.111.46.171
212,Elysee,McCool,emccool5v@springer.com,Female,184.229.7.109
213,Malinda,McCarlie,mmccarlie5w@rediff.com,Female,5.99.139.67
214,Harman,Wyman,hwyman5x@china.com.cn,Male,108.65.95.226
215,Avigdor,Kretschmer,akretschmer5y@newsvine.com,Male,115.69.171.11
216,Helaine,Danilevich,hdanilevich5z@miibeian.gov.cn,Female,137.195.234.44
217,Clair,Roscamp,croscamp60@fotki.com,Female,42.108.78.154
218,Aksel,Gullick,agullick61@jimdo.com,Male,153.41.245.188
219,Hirsch,Basden,hbasden62@msu.edu,Male,173.14.140.59
220,Moll,Spilsburie,mspilsburie63@aboutads.info,Female,99.119.196.122
221,Boot,Arnould,barnould64@ning.com,Male,209.160.166.88
222,Nickie,Shaylor,nshaylor65@tmall.com,Male,188.167.26.251
223,Lockwood,Marguerite,lmarguerite66@hexun.com,Male,38.25.158.122
224,Sollie,Delmonti,sdelmonti67@rakuten.co.jp,Male,220.98.25.47
225,Netti,Katzmann,nkatzmann68@sohu.com,Female,184.28.142.234
226,James,Bertholin,jbertholin69@cbsnews.com,Male,125.160.106.36
227,Abbye,Gyles,agyles6a@zdnet.com,Female,9.139.192.105
228,Stella,Coggins,scoggins6b@nih.gov,Female,43.130.144.154
229,Evangeline,Joust,ejoust6c@rambler.ru,Female,37.0.36.112
230,Darline,Rydzynski,drydzynski6d@hubpages.com,Female,221.137.154.205
231,Alexis,Breukelman,abreukelman6e@miitbeian.gov.cn,Female,120.179.239.60
232,Waldemar,Strafen,wstrafen6f@mapquest.com,Male,252.0.41.87
233,Ase,Ruilton,aruilton6g@stumbleupon.com,Male,113.206.138.79
234,Fabiano,Pesak,fpesak6h@mtv.com,Male,236.222.55.109
235,Eada,Spensley,espensley6i@exblog.jp,Female,232.182.88.188
236,Tori,Antoniutti,tantoniutti6j@sourceforge.net,Female,248.81.225.91
237,Lishe,Hagley,lhagley6k@com.com,Female,47.121.148.34
238,Laurette,Vasyatkin,lvasyatkin6l@samsung.com,Female,88.211.155.56
239,Hiram,Sherwin,hsherwin6m@ow.ly,Male,61.14.138.224
240,Roselle,Kemetz,rkemetz6n@biglobe.ne.jp,Female,187.155.119.85
241,Hillery,Haversum,hhaversum6o@irs.gov,Male,84.177.54.101
242,Maurine,Riddle,mriddle6p@ow.ly,Female,14.171.134.129
243,Kile,Danovich,kdanovich6q@nyu.edu,Male,180.204.192.35
244,Woodman,Bastie,wbastie6r@constantcontact.com,Male,72.103.132.195
245,Julian,Kinchlea,jkinchlea6s@google.com,Male,99.118.218.31
246,Philippa,Metterick,pmetterick6t@php.net,Female,160.45.197.95
247,Cristi,Rugieri,crugieri6u@google.es,Female,253.64.17.85
248,Jodie,Primmer,jprimmer6v@yolasite.com,Female,233.83.130.251
249,Daria,Fishenden,dfishenden6w@pcworld.com,Female,98.192.161.231
250,Karlotta,Johnes,kjohnes6x@forbes.com,Female,161.2.8.139
251,Orly,Vassbender,ovassbender6y@google.cn,Female,234.153.65.221
252,Osmond,Nunes Nabarro,onunesnabarro6z@myspace.com,Male,56.151.28.115
253,Myrtle,Gonzalez,mgonzalez70@washingtonpost.com,Female,248.146.117.223
254,Tynan,Claw,tclaw71@imgur.com,Male,27.89.168.207
255,Rad,Bosquet,rbosquet72@google.es,Male,197.168.152.247
256,Deanna,Goncaves,dgoncaves73@boston.com,Female,246.150.169.225
257,Kelcy,Pett,kpett74@nymag.com,Female,101.223.142.15
258,Donovan,Braghini,dbraghini75@macromedia.com,Male,211.188.209.222
259,Jenny,Copeland,jcopeland76@wikia.com,Female,8.212.133.189
260,Borg,Barends,bbarends77@about.me,Male,214.245.110.14
261,Jo-anne,Trevains,jtrevains78@youku.com,Female,98.66.103.89
262,Audy,Clemence,aclemence79@chicagotribune.com,Female,239.50.78.233
263,Ebba,Cotta,ecotta7a@youtube.com,Female,120.3.61.76
264,Jeannette,Giannotti,jgiannotti7b@scribd.com,Female,182.87.36.234
265,Hadria,Dmitriev,hdmitriev7c@newyorker.com,Female,48.117.254.25
266,Nedda,Spick,nspick7d@icio.us,Female,77.198.26.58
267,Steffen,Bordis,sbordis7e@dot.gov,Male,195.165.187.154
268,Devin,Croall,dcroall7f@google.de,Male,24.162.74.232
269,Karry,Bliben,kbliben7g@newsvine.com,Female,178.248.90.176
270,Dolli,Capehorn,dcapehorn7h@netlog.com,Female,144.253.104.147
271,Pavla,Dines,pdines7i@webmd.com,Female,94.178.52.126
272,Obed,Lemanu,olemanu7j@economist.com,Male,134.101.18.45
273,Jarvis,Veelers,jveelers7k@tumblr.com,Male,107.204.157.117
274,Orrin,Trask,otrask7l@merriam-webster.com,Male,74.211.177.217
275,Ciel,Kiddie,ckiddie7m@howstuffworks.com,Female,144.60.192.223
276,Padraig,Kid,pkid7n@cyberchimps.com,Male,18.29.87.53
277,Gerhardt,Rothert,grothert7o@ow.ly,Male,25.155.168.45
278,Rhianon,Gullyes,rgullyes7p@time.com,Female,225.5.166.230
279,Ferris,Baiss,fbaiss7q@a8.net,Male,30.229.181.134
280,Fanchette,Tumini,ftumini7r@sourceforge.net,Female,21.225.61.222
281,Paxon,Carnelley,pcarnelley7s@narod.ru,Male,192.12.187.40
282,Rafael,Bain,rbain7t@instagram.com,Male,16.192.93.104
283,Leelah,Bunce,lbunce7u@netscape.com,Female,195.163.170.212
284,Barnebas,Mithon,bmithon7v@amazon.co.jp,Male,28.92.129.169
285,Verge,Jeal,vjeal7w@yandex.ru,Male,168.34.20.225
286,Barry,Jakeway,bjakeway7x@jugem.jp,Female,90.230.59.170
287,Cathi,Landell,clandell7y@hao123.com,Female,162.254.141.3
288,Gabriel,Marzelo,gmarzelo7z@google.it,Male,82.24.253.131
289,Aimil,Starford,astarford80@ask.com,Female,231.117.162.235
290,Vanya,Humbell,vhumbell81@jiathis.com,Male,150.226.155.111
291,Nedda,Sulter,nsulter82@google.com.hk,Female,63.111.80.144
292,Marlo,Marder,mmarder83@bizjournals.com,Female,139.117.203.99
293,Jack,Sloane,jsloane84@vkontakte.ru,Male,28.69.8.225
294,Gretel,Leggatt,gleggatt85@umich.edu,Female,206.75.237.108
295,Windham,Rosenwald,wrosenwald86@ed.gov,Male,221.32.159.206
296,Brocky,Coughan,bcoughan87@addtoany.com,Male,29.3.98.198
297,Fedora,Inglish,finglish88@altervista.org,Female,163.26.34.150
298,Duane,Loades,dloades89@technorati.com,Male,161.128.251.214
299,Michele,Deboick,mdeboick8a@ycombinator.com,Male,202.204.206.158
300,Jody,Kohnert,jkohnert8b@patch.com,Male,193.161.184.126
301,Pembroke,Farland,pfarland8c@sphinn.com,Male,89.108.118.195
302,Kellie,Trent,ktrent8d@ameblo.jp,Female,106.170.190.20
303,Maison,Culham,mculham8e@free.fr,Male,166.45.17.167
304,Izzy,Brandts,ibrandts8f@bizjournals.com,Male,217.86.218.228
305,Darby,Beever,dbeever8g@vimeo.com,Female,106.45.15.84
306,Emmalynn,Hubbis,ehubbis8h@engadget.com,Female,49.151.94.176
307,Dar,Courtman,dcourtman8i@nyu.edu,Male,203.26.94.23
308,Alexina,Stowell,astowell8j@imgur.com,Female,91.204.187.249
309,Gilemette,Martinie,gmartinie8k@technorati.com,Female,185.5.227.24
310,Casey,Buglar,cbuglar8l@printfriendly.com,Male,118.113.73.75
311,Gray,Manes,gmanes8m@cdbaby.com,Male,38.194.207.87
312,Farly,Baverstock,fbaverstock8n@zimbio.com,Male,95.206.187.143
313,Martie,Uzzell,muzzell8o@goo.gl,Male,186.47.105.60
314,Bran,Cohen,bcohen8p@w3.org,Male,150.207.97.101
315,Erminie,Scholz,escholz8q@huffingtonpost.com,Female,232.253.118.115
316,Saunderson,McVeighty,smcveighty8r@nature.com,Male,90.122.36.89
317,Giraldo,Keddie,gkeddie8s@google.it,Male,22.172.98.49
318,Sophi,Hatt,shatt8t@blinklist.com,Female,254.68.107.157
319,Juanita,Wathell,jwathell8u@wikimedia.org,Female,143.224.226.13
320,Ibrahim,Crandon,icrandon8v@i2i.jp,Male,81.27.89.44
321,Taber,De Brett,tdebrett8w@redcross.org,Male,146.108.147.169
322,Gavin,Etteridge,getteridge8x@discuz.net,Male,18.219.2.220
323,Raphaela,Brezlaw,rbrezlaw8y@pbs.org,Female,214.113.217.69
324,Kippar,Font,kfont8z@miibeian.gov.cn,Male,27.35.135.71
325,Camey,Durnford,cdurnford90@stumbleupon.com,Male,192.244.171.234
326,Renato,Bristow,rbristow91@sun.com,Male,12.68.196.234
327,Halli,Rittelmeyer,hrittelmeyer92@yandex.ru,Female,18.221.112.122
328,Sumner,Blogg,sblogg93@google.nl,Male,182.181.160.223
329,Mischa,Emptage,memptage94@cdbaby.com,Male,38.59.239.55
330,Freddy,Henrych,fhenrych95@mysql.com,Male,130.29.92.34
331,Terry,Cranton,tcranton96@umn.edu,Female,188.30.212.200
332,Justine,Riggs,jriggs97@mozilla.com,Female,170.95.78.252
333,Nils,Dallaway,ndallaway98@cisco.com,Male,64.161.233.117
334,Ingra,Prujean,iprujean99@exblog.jp,Male,227.232.236.37
335,Alia,Castiglione,acastiglione9a@furl.net,Female,80.107.67.76
336,Xylina,Dumblton,xdumblton9b@narod.ru,Female,18.164.136.26
337,Abram,Spry,aspry9c@unblog.fr,Male,186.57.158.246
338,Gene,Perview,gperview9d@wufoo.com,Male,211.226.201.193
339,Dania,Gierck,dgierck9e@t.co,Female,224.24.32.176
340,Joete,Nunn,jnunn9f@ucsd.edu,Female,51.135.50.156
341,Fayth,Hoodspeth,fhoodspeth9g@aboutads.info,Female,93.116.39.193
342,Daffi,Starmont,dstarmont9h@histats.com,Female,72.4.177.93
343,Taylor,McLardie,tmclardie9i@disqus.com,Male,141.254.162.197
344,Devonna,Gleeton,dgleeton9j@yellowbook.com,Female,1.188.24.188
345,Svend,Amsberger,samsberger9k@archive.org,Male,101.47.156.235
346,Patrice,MacGorley,pmacgorley9l@free.fr,Female,194.85.5.90
347,Kareem,Burnup,kburnup9m@intel.com,Male,175.246.156.53
348,Lenci,Densell,ldensell9n@europa.eu,Male,47.187.238.21
349,Pollyanna,Ducroe,pducroe9o@pagesperso-orange.fr,Female,89.245.141.107
350,Becky,Hissett,bhissett9p@example.com,Female,170.253.200.75
351,Duffie,Humpatch,dhumpatch9q@prweb.com,Male,149.43.98.157
352,Sibilla,Bucknill,sbucknill9r@odnoklassniki.ru,Female,108.197.158.184
353,Sheryl,Kornousek,skornousek9s@eventbrite.com,Female,132.44.141.77
354,Caye,Ricciardi,cricciardi9t@acquirethisname.com,Female,86.22.23.14
355,Urbain,Macieiczyk,umacieiczyk9u@fda.gov,Male,98.248.183.123
356,Lawton,Bugbee,lbugbee9v@hubpages.com,Male,154.19.198.251
357,Brant,Juorio,bjuorio9w@bing.com,Male,106.137.160.51
358,Aaren,Free,afree9x@eepurl.com,Female,65.217.6.185
359,Irita,Ehrat,iehrat9y@mysql.com,Female,214.57.190.60
360,Thorvald,Carwardine,tcarwardine9z@amazon.co.uk,Male,116.188.3.247
361,Lorry,Wickman,lwickmana0@sina.com.cn,Female,100.25.139.206
362,Read,Togwell,rtogwella1@biblegateway.com,Male,177.247.205.54
363,El,Elias,eeliasa2@1und1.de,Male,71.112.215.147
364,Randene,Kwietak,rkwietaka3@wsj.com,Female,80.189.157.24
365,Annora,Antoniou,aantonioua4@ed.gov,Female,37.166.40.82
366,Diannne,Sharvill,dsharvilla5@state.gov,Female,28.89.243.50
367,Arie,De Freyne,adefreynea6@google.nl,Male,192.230.147.109
368,Reinold,Bayly,rbaylya7@ask.com,Male,159.113.24.14
369,Vera,Worgen,vworgena8@reference.com,Female,45.153.37.76
370,Chance,Vye,cvyea9@miibeian.gov.cn,Male,116.37.253.27
371,Ninnette,Pray,nprayaa@imgur.com,Female,59.30.77.160
372,Susanna,Alesbrook,salesbrookab@smh.com.au,Female,240.123.236.142
373,Moishe,Hitter,mhitterac@washingtonpost.com,Male,65.123.171.40
374,Barnebas,Eardley,beardleyad@studiopress.com,Male,30.58.70.20
375,Sharl,Moehle,smoehleae@prlog.org,Female,234.95.200.50
376,Basilius,Galiford,bgalifordaf@twitter.com,Male,2.127.127.95
377,Celestina,Muncie,cmuncieag@amazon.co.uk,Female,212.182.141.152
378,Smitty,Kennelly,skennellyah@abc.net.au,Male,163.65.245.216
379,Travers,Earry,tearryai@google.ca,Male,250.239.149.42
380,Claudell,Hubberstey,chubbersteyaj@mapquest.com,Male,19.46.4.214
381,Jedidiah,Klimko,jklimkoak@mlb.com,Male,226.46.84.207
382,Karlyn,Hegarty,khegartyal@nba.com,Female,209.91.16.58
383,Andrej,Maseres,amaseresam@elegantthemes.com,Male,235.106.134.191
384,Junina,Carlett,jcarlettan@merriam-webster.com,Female,51.252.136.144
385,Garey,Guidotti,gguidottiao@ebay.com,Male,247.65.173.249
386,Giorgia,Billie,gbillieap@sfgate.com,Female,171.81.86.246
387,Allyn,Yardy,ayardyaq@diigo.com,Female,200.235.19.92
388,Normy,Wasmuth,nwasmuthar@slate.com,Male,246.225.17.211
389,Reinhard,Connue,rconnueas@rambler.ru,Male,42.132.146.242
390,Olivero,Reignard,oreignardat@npr.org,Male,163.111.110.24
391,Brittani,Breitling,bbreitlingau@topsy.com,Female,110.215.148.158
392,Lorenzo,Hinstock,lhinstockav@shinystat.com,Male,194.32.175.10
393,Erich,Dicte,edicteaw@google.com.hk,Male,201.149.102.136
394,Jerrilee,Mariyushkin,jmariyushkinax@yahoo.com,Female,215.205.26.31
395,Moira,Henricsson,mhenricssonay@europa.eu,Female,75.111.168.73
396,Torrence,Blackster,tblacksteraz@pagesperso-orange.fr,Male,243.43.111.99
397,Earvin,Benditt,ebendittb0@imdb.com,Male,98.42.211.230
398,Maren,Rockliffe,mrockliffeb1@bbc.co.uk,Female,193.99.230.187
399,Clotilda,Ogley,cogleyb2@bizjournals.com,Female,24.147.169.98
400,Ardyce,Bonnier,abonnierb3@imdb.com,Female,214.67.143.248
401,Janot,Letteresse,jletteresseb4@whitehouse.gov,Female,54.62.138.133
402,Lyndsie,Ricardon,lricardonb5@opensource.org,Female,135.22.249.254
403,Alejoa,Derill,aderillb6@elpais.com,Male,157.151.182.187
404,Mack,Twist,mtwistb7@weather.com,Male,105.46.17.70
405,Herrick,Runciman,hruncimanb8@slate.com,Male,108.22.132.6
406,Erwin,Benner,ebennerb9@fc2.com,Male,180.199.170.55
407,Margit,Eamer,meamerba@npr.org,Female,3.102.62.23
408,August,MacTerrelly,amacterrellybb@wunderground.com,Male,21.235.137.26
409,Barri,Reggio,breggiobc@forbes.com,Male,8.244.242.176
410,Patton,Barrick,pbarrickbd@wikipedia.org,Male,150.163.13.216
411,Leonelle,Ilson,lilsonbe@alexa.com,Female,236.90.7.132
412,Gerik,Riddock,griddockbf@netscape.com,Male,104.94.90.125
413,Harv,McKeighen,hmckeighenbg@yale.edu,Male,81.100.216.43
414,Stanislaw,Alyokhin,salyokhinbh@godaddy.com,Male,88.179.98.191
415,Portie,Rabjohn,prabjohnbi@flickr.com,Male,17.121.4.10
416,Laraine,Lynam,llynambj@usgs.gov,Female,156.189.207.214
417,Marylou,Sleit,msleitbk@mapquest.com,Female,175.33.19.74
418,Hadley,Lowater,hlowaterbl@netlog.com,Male,67.138.80.113
419,Hall,Iveans,hiveansbm@cargocollective.com,Male,225.152.244.236
420,Goraud,Cescotti,gcescottibn@sohu.com,Male,196.231.60.164
421,Anthea,Calbrathe,acalbrathebo@alexa.com,Female,25.255.210.64
422,Fayina,Bice,fbicebp@hexun.com,Female,109.178.191.14
423,Bev,Andreas,bandreasbq@friendfeed.com,Female,126.128.200.11
424,Michell,Fust,mfustbr@cornell.edu,Female,220.122.72.201
425,Salvatore,Vasilmanov,svasilmanovbs@wufoo.com,Male,104.193.38.241
426,Tabbie,Goade,tgoadebt@cpanel.net,Female,71.117.243.1
427,Carmel,Trayton,ctraytonbu@apple.com,Female,82.72.172.66
428,Cassius,O'Corrin,cocorrinbv@rakuten.co.jp,Male,155.37.112.89
429,Nap,Costelloe,ncostelloebw@skype.com,Male,56.104.19.32
430,Hynda,Brockhurst,hbrockhurstbx@sun.com,Female,39.37.40.187
431,Ky,Grossier,kgrossierby@qq.com,Male,9.121.43.16
432,Calv,Cleaver,ccleaverbz@oracle.com,Male,195.34.156.7
433,Irvine,Beatty,ibeattyc0@pen.io,Male,147.34.216.190
434,Rowan,Newrick,rnewrickc1@google.cn,Male,204.183.74.92
435,Rodrick,Kinner,rkinnerc2@sina.com.cn,Male,218.54.30.110
436,Josie,Hannon,jhannonc3@dyndns.org,Female,138.13.147.6
437,Kirsten,Moon,kmoonc4@harvard.edu,Female,248.126.166.184
438,Sharline,Hallihane,shallihanec5@slate.com,Female,13.24.206.67
439,Kasper,Dendle,kdendlec6@yale.edu,Male,211.253.22.244
440,Birgit,Romke,bromkec7@webs.com,Female,63.16.106.73
441,Vickie,Crawley,vcrawleyc8@ehow.com,Female,54.209.89.205
442,Dallas,Rodolico,drodolicoc9@cbc.ca,Male,92.245.208.233
443,Jocelyne,Emerine,jemerineca@4shared.com,Female,162.28.120.191
444,Gilemette,Langdridge,glangdridgecb@vk.com,Female,185.81.172.183
445,Adorne,Dahlberg,adahlbergcc@msn.com,Female,195.188.181.179
446,Cross,Sweedy,csweedycd@fda.gov,Male,231.124.20.158
447,Gabriel,Rushsorth,grushsorthce@nbcnews.com,Male,161.255.255.46
448,Cale,Middlehurst,cmiddlehurstcf@imdb.com,Male,252.217.179.212
449,Rand,Dacres,rdacrescg@pinterest.com,Male,217.57.26.105
450,Mallorie,Brabham,mbrabhamch@last.fm,Female,197.118.255.201
451,Cloris,Bonus,cbonusci@flickr.com,Female,137.86.24.79
452,Rosalie,Haggerston,rhaggerstoncj@ameblo.jp,Female,38.22.193.218
453,Karry,Deluze,kdeluzeck@prweb.com,Female,27.6.143.67
454,Johnnie,Finey,jfineycl@icq.com,Male,86.205.230.241
455,Amil,Greetham,agreethamcm@youtu.be,Female,132.230.12.43
456,Tyrus,Hallad,thalladcn@homestead.com,Male,57.195.102.140
457,Gerry,Wordley,gwordleyco@guardian.co.uk,Female,188.144.125.13
458,Jessee,Glasper,jglaspercp@toplist.cz,Male,24.255.254.30
459,Felita,Ruane,fruanecq@discovery.com,Female,187.18.106.134
460,Dacey,Posvner,dposvnercr@cisco.com,Female,5.163.217.40
461,Stacia,Matussevich,smatussevichcs@ucla.edu,Female,180.19.122.26
462,Melitta,Searl,msearlct@fema.gov,Female,94.207.239.23
463,Lucas,Pavier,lpaviercu@vimeo.com,Male,47.60.38.165
464,Prisca,Baxendale,pbaxendalecv@feedburner.com,Female,216.124.40.142
465,Buckie,Vickors,bvickorscw@nydailynews.com,Male,165.198.170.102
466,Mathew,Pointing,mpointingcx@yellowpages.com,Male,136.197.218.83
467,Karine,Grievson,kgrievsoncy@skyrock.com,Female,224.42.140.105
468,Mattias,Stuckley,mstuckleycz@house.gov,Male,151.104.4.217
469,Wilfred,Ghirigori,wghirigorid0@indiatimes.com,Male,225.158.55.181
470,Nora,Jarritt,njarrittd1@csmonitor.com,Female,153.121.29.79
471,Sharia,Skeel,sskeeld2@msn.com,Female,9.226.202.14
472,Renata,Kollatsch,rkollatschd3@skyrock.com,Female,253.193.192.118
473,Judas,Polly,jpollyd4@uol.com.br,Male,239.155.2.241
474,Fredrika,Gianuzzi,fgianuzzid5@github.io,Female,56.1.157.50
475,Robert,Howsden,rhowsdend6@slideshare.net,Male,184.131.85.18
476,Granger,Mulroy,gmulroyd7@ask.com,Male,92.126.180.225
477,Dody,Klemps,dklempsd8@timesonline.co.uk,Female,248.209.98.105
478,Odell,Sone,osoned9@epa.gov,Male,169.21.9.133
479,Cobby,Bachs,cbachsda@canalblog.com,Male,34.164.159.59
480,Eleanor,De Luna,edelunadb@deliciousdays.com,Female,168.59.0.154
481,Olly,Harteley,oharteleydc@google.co.jp,Male,169.120.141.230
482,Kalila,Worden,kwordendd@sourceforge.net,Female,226.82.120.72
483,Anny,Coye,acoyede@booking.com,Female,130.161.206.43
484,Isabelita,Chappell,ichappelldf@thetimes.co.uk,Female,212.123.217.156
485,Anastassia,McFadden,amcfaddendg@miibeian.gov.cn,Female,45.119.215.167
486,Jamie,Varah,jvarahdh@google.co.jp,Female,210.105.115.124
487,Alecia,Merricks,amerricksdi@wunderground.com,Female,178.59.112.13
488,Nick,Deverille,ndeverilledj@wikipedia.org,Male,142.237.71.222
489,Aymer,Stain,astaindk@npr.org,Male,200.253.116.21
490,Ellette,Prynne,eprynnedl@qq.com,Female,150.231.74.142
491,Roger,De Blasio,rdeblasiodm@paginegialle.it,Male,193.101.68.165
492,Marcela,Behrend,mbehrenddn@ftc.gov,Female,10.21.86.206
493,Holmes,Rameaux,hrameauxdo@netscape.com,Male,43.177.28.136
494,Susannah,Benbough,sbenboughdp@shop-pro.jp,Female,44.123.155.6
495,Sofie,Sutch,ssutchdq@flavors.me,Female,6.197.50.157
496,Kalina,Cumberlidge,kcumberlidgedr@cdc.gov,Female,108.249.54.196
497,Ximenes,Beck,xbeckds@gov.uk,Male,85.32.128.66
498,Alfi,Neward,anewarddt@lycos.com,Female,45.123.28.238
499,Lionello,Edington,ledingtondu@linkedin.com,Male,151.204.68.50
500,Hermy,Van Der Weedenburg,hvanderweedenburgdv@house.gov,Male,91.117.128.217
501,Livia,Clynmans,lclynmansdw@webs.com,Female,49.96.88.169
502,Suzanne,Eaglesham,seagleshamdx@nba.com,Female,8.193.170.48
503,Lindsy,Rothermel,lrothermeldy@pagesperso-orange.fr,Female,111.1.145.141
504,Judon,Perris,jperrisdz@adobe.com,Male,180.63.13.126
505,Melvin,Heal,mheale0@blogger.com,Male,174.119.45.246
506,Ellswerth,Hathwood,ehathwoode1@tripadvisor.com,Male,207.97.211.226
507,Idelle,Spiteri,ispiterie2@nbcnews.com,Female,70.217.236.252
508,Aldric,Stabler,astablere3@i2i.jp,Male,205.20.72.137
509,Roseanna,Goldson,rgoldsone4@yahoo.com,Female,239.166.44.6
510,Haslett,Sudlow,hsudlowe5@businessweek.com,Male,7.231.69.69
511,Ceil,Thickpenny,cthickpennye6@cnbc.com,Female,174.108.45.28
512,Curry,De'Ath,cdeathe7@simplemachines.org,Male,94.60.181.104
513,Mary,Kebbell,mkebbelle8@wsj.com,Female,77.92.22.131
514,Ranice,Brotherhood,rbrotherhoode9@businessweek.com,Female,121.218.0.10
515,Latashia,Struan,lstruanea@noaa.gov,Female,58.24.133.29
516,Durward,Housam,dhousameb@cdbaby.com,Male,62.209.44.162
517,Irvin,Battie,ibattieec@google.com.au,Male,26.68.79.179
518,Binni,Lehrle,blehrleed@imageshack.us,Female,24.154.67.113
519,Ansley,Bleue,ableueee@tripadvisor.com,Female,255.59.39.163
520,Bev,Willson,bwillsonef@washingtonpost.com,Female,219.9.230.159
521,Hashim,Gaydon,hgaydoneg@cargocollective.com,Male,141.230.65.94
522,Beniamino,Dallinder,bdallindereh@canalblog.com,Male,222.230.41.67
523,Darbee,Cridland,dcridlandei@npr.org,Male,72.61.140.55
524,Carlie,Spir,cspirej@ustream.tv,Female,27.50.71.252
525,Nicola,Billett,nbillettek@mysql.com,Male,16.128.50.99
526,Stinky,Richold,sricholdel@ft.com,Male,228.104.130.179
527,Alvinia,Woehler,awoehlerem@e-recht24.de,Female,120.2.129.37
528,Carey,Rolfini,crolfinien@ovh.net,Female,235.73.159.78
529,Sol,Huegett,shuegetteo@un.org,Male,123.6.125.96
530,Marius,Sive,msiveep@who.int,Male,169.174.0.86
531,Melosa,Rummery,mrummeryeq@woothemes.com,Female,210.237.212.220
532,Roseanna,Tenny,rtennyer@youtube.com,Female,115.171.255.32
533,Rourke,Izakoff,rizakoffes@pbs.org,Male,227.190.190.165
534,Gaylor,Storch,gstorchet@deviantart.com,Male,255.218.26.68
535,Artie,Petroff,apetroffeu@nba.com,Male,240.27.195.19
536,Caprice,Lanphier,clanphierev@forbes.com,Female,209.145.218.80
537,Vittoria,Pimmocke,vpimmockeew@photobucket.com,Female,3.171.207.58
538,Melanie,Masseo,mmasseoex@mtv.com,Female,12.10.219.199
539,Boigie,D'Alesco,bdalescoey@dell.com,Male,231.223.236.45
540,Rolando,Royds,rroydsez@liveinternet.ru,Male,159.145.96.50
541,Edy,Toppes,etoppesf0@auda.org.au,Female,27.207.222.68
542,Sal,Jelkes,sjelkesf1@wix.com,Female,52.22.153.68
543,Aleta,Gurner,agurnerf2@e-recht24.de,Female,116.84.142.28
544,Abie,Rainville,arainvillef3@amazon.com,Male,112.230.132.90
545,Shoshanna,Labern,slabernf4@taobao.com,Female,29.77.137.70
546,Myrle,Antwis,mantwisf5@wordpress.com,Female,81.58.158.61
547,Merry,Calliss,mcallissf6@sciencedirect.com,Male,96.227.142.40
548,Gipsy,Groneway,ggronewayf7@pagesperso-orange.fr,Female,195.120.238.132
549,Lucille,Fassam,lfassamf8@gizmodo.com,Female,35.159.25.206
550,Vivi,Cafe,vcafef9@netvibes.com,Female,184.210.124.164
551,Belinda,Shwalbe,bshwalbefa@live.com,Female,110.254.13.0
552,Colas,Talloe,ctalloefb@usa.gov,Male,111.129.167.102
553,Hermina,Lewnden,hlewndenfc@va.gov,Female,183.249.59.237
554,Marshal,McQueen,mmcqueenfd@omniture.com,Male,54.154.233.19
555,Aube,Pelzer,apelzerfe@google.it,Male,162.224.143.188
556,Opaline,Beckensall,obeckensallff@domainmarket.com,Female,120.251.233.207
557,Laverna,Silversmidt,lsilversmidtfg@bandcamp.com,Female,90.171.10.237
558,Reynold,Buey,rbueyfh@blogger.com,Male,111.217.204.211
559,Sofia,Denning,sdenningfi@google.nl,Female,66.240.166.252
560,Nero,Weekes,nweekesfj@live.com,Male,122.133.150.81
561,Christy,Shrieves,cshrievesfk@cargocollective.com,Male,119.62.254.109
562,Walsh,Broszkiewicz,wbroszkiewiczfl@clickbank.net,Male,54.247.230.95
563,Elna,Kellock,ekellockfm@pinterest.com,Female,214.209.3.63
564,Lynelle,Picopp,lpicoppfn@dropbox.com,Female,240.184.93.166
565,Brigham,Rack,brackfo@nytimes.com,Male,76.50.42.120
566,Rebekkah,MacGorman,rmacgormanfp@netlog.com,Female,233.1.110.36
567,Kippar,Ellams,kellamsfq@boston.com,Male,63.223.130.180
568,Ev,Egre,eegrefr@ft.com,Male,102.142.194.220
569,Meir,Goracci,mgoraccifs@bbb.org,Male,180.120.25.81
570,Rooney,Birch,rbirchft@upenn.edu,Male,14.175.169.128
571,Gibby,Hefford,gheffordfu@goodreads.com,Male,115.40.143.52
572,Chere,Neward,cnewardfv@1688.com,Female,165.30.186.218
573,Joye,Wiseman,jwisemanfw@eventbrite.com,Female,223.249.199.166
574,Camey,MacCurtain,cmaccurtainfx@seattletimes.com,Male,145.131.166.171
575,Ray,Cookney,rcookneyfy@sciencedirect.com,Female,107.89.28.53
576,Elihu,Michelle,emichellefz@umich.edu,Male,117.156.85.133
577,Denny,Dunphy,ddunphyg0@odnoklassniki.ru,Female,130.161.98.45
578,Katerina,Gierek,kgierekg1@cloudflare.com,Female,65.175.43.198
579,Tiler,Yablsley,tyablsleyg2@constantcontact.com,Male,6.239.223.217
580,Kaine,Gosney,kgosneyg3@seesaa.net,Male,192.218.90.206
581,Arabela,Kasper,akasperg4@ustream.tv,Female,203.5.170.115
582,Nial,Baggaley,nbaggaleyg5@paginegialle.it,Male,208.0.188.34
583,Alex,Pietzke,apietzkeg6@gov.uk,Male,124.207.59.91
584,Ansel,Berfoot,aberfootg7@csmonitor.com,Male,133.191.111.205
585,Joe,Jans,jjansg8@go.com,Male,247.32.227.239
586,Charla,Jailler,cjaillerg9@washington.edu,Female,54.69.26.128
587,Brandon,Pariss,bparissga@ycombinator.com,Male,161.104.181.219
588,Rad,Eddies,reddiesgb@xinhuanet.com,Male,145.119.202.174
589,Westleigh,Canfield,wcanfieldgc@nationalgeographic.com,Male,229.44.43.251
590,Dru,Aslen,daslengd@businessweek.com,Female,40.197.129.242
591,Benjamin,Frotton,bfrottonge@hc360.com,Male,5.254.193.177
592,Harriott,Grealish,hgrealishgf@harvard.edu,Female,37.204.211.253
593,Fanny,Izakson,fizaksongg@smh.com.au,Female,16.27.193.62
594,Laureen,Blamires,lblamiresgh@php.net,Female,140.164.132.115
595,Ladonna,Alfwy,lalfwygi@tinyurl.com,Female,110.254.17.82
596,Griffith,Longthorne,glongthornegj@eventbrite.com,Male,212.144.173.89
597,Felizio,Boldero,fbolderogk@senate.gov,Male,106.78.11.115
598,Kali,Cruse,kcrusegl@cocolog-nifty.com,Female,175.229.66.120
599,Aili,Danskine,adanskinegm@springer.com,Female,202.208.81.188
600,Francine,Posselt,fposseltgn@constantcontact.com,Female,75.26.92.133
601,Melissa,Gellett,mgellettgo@skype.com,Female,65.171.232.166
602,Constancy,MacNucator,cmacnucatorgp@ucla.edu,Female,158.45.121.55
603,Laverna,Errichelli,lerrichelligq@twitter.com,Female,167.111.98.91
604,Rudd,Kohring,rkohringgr@amazon.co.jp,Male,87.187.133.227
605,Jackie,Clamp,jclampgs@diigo.com,Female,211.192.156.17
606,Nevile,Yakovich,nyakovichgt@auda.org.au,Male,21.124.204.107
607,Richy,Girardin,rgirardingu@cbc.ca,Male,90.100.195.130
608,Crawford,Venneur,cvenneurgv@pen.io,Male,14.102.74.90
609,Eadith,Menaul,emenaulgw@list-manage.com,Female,183.10.188.240
610,Maxy,Muckle,mmucklegx@geocities.jp,Male,62.23.68.79
611,Arly,Rugieri,arugierigy@alexa.com,Female,194.159.175.142
612,Claudina,Justham,cjusthamgz@msn.com,Female,43.39.66.153
613,Jacenta,Staddon,jstaddonh0@51.la,Female,1.39.152.53
614,Tadio,Brouncker,tbrounckerh1@harvard.edu,Male,97.244.111.220
615,Virgie,Zotto,vzottoh2@unblog.fr,Female,82.159.138.119
616,Aubrie,Dagleas,adagleash3@list-manage.com,Female,229.245.182.26
617,Tabbatha,O' Mullane,tomullaneh4@moonfruit.com,Female,20.83.37.203
618,Silvano,Petris,spetrish5@acquirethisname.com,Male,37.134.210.252
619,Star,Lewington,slewingtonh6@pen.io,Female,16.137.26.137
620,Orlando,Bignall,obignallh7@4shared.com,Male,54.250.39.129
621,Perry,Garner,pgarnerh8@miibeian.gov.cn,Male,56.16.29.118
622,Penni,McGirr,pmcgirrh9@ed.gov,Female,121.30.52.120
623,Carrol,Klimpke,cklimpkeha@surveymonkey.com,Male,92.80.165.34
624,Sherrie,Le Clercq,sleclercqhb@cafepress.com,Female,249.144.182.11
625,Carr,Kenn,ckennhc@nih.gov,Male,244.179.233.59
626,Lon,Challenor,lchallenorhd@dot.gov,Male,6.51.66.177
627,Alissa,Kitlee,akitleehe@odnoklassniki.ru,Female,91.130.46.99
628,Tomaso,Sulter,tsulterhf@instagram.com,Male,62.147.226.238
629,Zerk,Twiname,ztwinamehg@slate.com,Male,91.33.57.32
630,Derick,Hadwen,dhadwenhh@live.com,Male,219.78.187.100
631,Charley,Ziem,cziemhi@ovh.net,Male,33.163.230.247
632,Abey,Ambrus,aambrushj@wp.com,Male,151.117.85.214
633,Willamina,Gaiter,wgaiterhk@de.vu,Female,75.111.123.61
634,Shelly,Brennans,sbrennanshl@theatlantic.com,Female,144.56.47.5
635,Jennie,Sanger,jsangerhm@cnbc.com,Female,203.247.1.132
636,Petrina,Small,psmallhn@smugmug.com,Female,37.177.72.178
637,Pamelina,Scantlebury,pscantleburyho@mozilla.com,Female,192.214.125.194
638,Goraud,Brumfield,gbrumfieldhp@dell.com,Male,254.233.1.154
639,Butch,Cathersides,bcathersideshq@hexun.com,Male,137.29.63.129
640,Harriet,Stichel,hstichelhr@unc.edu,Female,140.73.163.255
641,Blakelee,Kinver,bkinverhs@shutterfly.com,Female,42.6.195.72
642,Tucky,Fotherby,tfotherbyht@blogspot.com,Male,141.193.249.112
643,Lem,Ksandra,lksandrahu@odnoklassniki.ru,Male,178.56.12.85
644,Miles,Demchen,mdemchenhv@fema.gov,Male,172.5.165.61
645,Kaitlin,Prandoni,kprandonihw@unc.edu,Female,80.238.216.25
646,Travus,Mc Pake,tmcpakehx@pen.io,Male,225.0.55.53
647,Olenka,Eddison,oeddisonhy@imgur.com,Female,43.240.66.160
648,Lennard,Searson,lsearsonhz@vimeo.com,Male,60.41.210.219
649,Caddric,Cuberley,ccuberleyi0@deliciousdays.com,Male,238.139.81.164
650,Claribel,McGragh,cmcgraghi1@about.me,Female,97.116.163.20
651,Yul,Etienne,yetiennei2@gizmodo.com,Male,113.93.249.46
652,Yuma,Papez,ypapezi3@jimdo.com,Male,237.238.63.81
653,Rey,Screaton,rscreatoni4@ted.com,Female,169.153.70.89
654,Augustin,Prandini,aprandinii5@cafepress.com,Male,101.231.159.14
655,Nicol,Burton,nburtoni6@symantec.com,Male,226.205.36.164
656,Alikee,Yaldren,ayaldreni7@sogou.com,Female,52.171.140.230
657,Annora,Mouland,amoulandi8@posterous.com,Female,87.61.8.11
658,Berta,Lasseter,blasseteri9@addtoany.com,Female,11.200.38.114
659,Howie,Leavy,hleavyia@irs.gov,Male,222.150.93.99
660,Ervin,Nanni,enanniib@biglobe.ne.jp,Male,56.249.244.115
661,Renie,Romao,rromaoic@hugedomains.com,Female,115.245.164.77
662,Alyssa,Abramovicz,aabramoviczid@google.ru,Female,32.192.108.104
663,Shandeigh,Kimbly,skimblyie@examiner.com,Female,15.230.249.103
664,Esma,Fend,efendif@altervista.org,Female,151.175.135.223
665,Von,Tern,vternig@who.int,Male,233.128.229.60
666,Jedediah,Jeacocke,jjeacockeih@ucoz.com,Male,254.173.207.131
667,Graehme,Lindeboom,glindeboomii@wsj.com,Male,59.124.127.94
668,Isabel,Methuen,imethuenij@dedecms.com,Female,239.158.186.77
669,Jonas,Urien,jurienik@ucsd.edu,Male,184.92.191.107
670,Vaclav,Yeld,vyeldil@gizmodo.com,Male,87.86.119.149
671,Willey,Manilove,wmaniloveim@latimes.com,Male,23.182.68.253
672,Ruby,Teeney,rteeneyin@geocities.com,Male,44.120.181.172
673,Janot,O'Doghesty,jodoghestyio@lycos.com,Female,2.94.123.67
674,Dianna,Kensall,dkensallip@wikia.com,Female,188.161.151.17
675,Nehemiah,Ribou,nribouiq@elegantthemes.com,Male,212.117.101.76
676,Vania,Tippings,vtippingsir@ibm.com,Female,217.35.167.104
677,Jaynell,Greaves,jgreavesis@joomla.org,Female,45.47.78.207
678,Tades,Hoffner,thoffnerit@hao123.com,Male,124.240.205.160
679,Dael,Hutcheson,dhutchesoniu@skyrock.com,Female,181.251.245.179
680,Avigdor,Howland,ahowlandiv@reddit.com,Male,56.188.247.59
681,Nonah,Mandrier,nmandrieriw@bloglines.com,Female,193.188.24.130
682,Junina,Oene,joeneix@bandcamp.com,Female,40.160.100.248
683,Albie,Conyers,aconyersiy@google.ru,Male,76.158.177.186
684,Leroi,Kinworthy,lkinworthyiz@nytimes.com,Male,57.161.174.89
685,Clint,Mitchel,cmitchelj0@hhs.gov,Male,144.203.215.76
686,Tony,Mathevon,tmathevonj1@pinterest.com,Male,120.40.47.81
687,Nari,McCrohon,nmccrohonj2@diigo.com,Female,253.158.216.195
688,Kath,Kauble,kkaublej3@lycos.com,Female,53.130.11.25
689,Sibbie,Kyte,skytej4@wunderground.com,Female,117.228.23.199
690,Xever,Nesbitt,xnesbittj5@businessweek.com,Male,227.119.254.198
691,Illa,Mulran,imulranj6@uol.com.br,Female,91.163.41.185
692,Arden,Meatyard,ameatyardj7@home.pl,Female,247.139.217.156
693,Molly,Seabrooke,mseabrookej8@census.gov,Female,105.12.3.60
694,Jemimah,Christofe,jchristofej9@angelfire.com,Female,177.73.58.15
695,Court,Tilbey,ctilbeyja@howstuffworks.com,Male,173.158.90.186
696,Loni,Ewells,lewellsjb@biblegateway.com,Female,42.99.170.51
697,Larry,Iorio,lioriojc@apache.org,Male,74.175.106.62
698,Paula,Kingdom,pkingdomjd@java.com,Female,238.237.95.139
699,Melonie,Grinley,mgrinleyje@furl.net,Female,87.177.56.116
700,Lauritz,Jepp,ljeppjf@icq.com,Male,71.127.42.139
701,Trudie,Berzons,tberzonsjg@google.com.br,Female,207.88.5.82
702,Paddie,Scrigmour,pscrigmourjh@webmd.com,Male,14.2.221.242
703,Fabian,Wane,fwaneji@google.pl,Male,153.175.57.247
704,Menard,Biggerstaff,mbiggerstaffjj@sourceforge.net,Male,21.75.74.67
705,Valenka,Ander,vanderjk@spiegel.de,Female,133.12.86.199
706,Zorine,Lodwig,zlodwigjl@multiply.com,Female,170.189.51.157
707,Jeramie,Potzold,jpotzoldjm@zimbio.com,Male,117.158.139.21
708,Norean,Shirrell,nshirrelljn@twitter.com,Female,213.215.79.168
709,Sonnnie,Pedler,spedlerjo@cloudflare.com,Female,15.150.29.219
710,Denny,Harrowsmith,dharrowsmithjp@zimbio.com,Female,115.0.179.230
711,Grata,Bilsborrow,gbilsborrowjq@cdc.gov,Female,5.98.210.191
712,Antoinette,Brum,abrumjr@china.com.cn,Female,181.98.180.178
713,Guy,Jenteau,gjenteaujs@mysql.com,Male,194.58.249.167
714,Crosby,Corstan,ccorstanjt@tinypic.com,Male,32.141.117.25
715,Wenona,Tessier,wtessierju@weibo.com,Female,218.239.217.7
716,Hermon,Hunnawill,hhunnawilljv@amazon.co.uk,Male,20.56.239.37
717,Mufinella,MacCard,mmaccardjw@sphinn.com,Female,234.143.141.184
718,Martie,Grummitt,mgrummittjx@webmd.com,Male,218.190.236.198
719,Brocky,Sherrin,bsherrinjy@noaa.gov,Male,215.185.203.18
720,Dalt,Try,dtryjz@yolasite.com,Male,178.45.249.23
721,Gaby,Shulver,gshulverk0@harvard.edu,Male,116.38.80.133
722,Elisha,Chatainier,echatainierk1@youtu.be,Male,167.213.3.25
723,Decca,Spencer,dspencerk2@technorati.com,Male,86.10.200.10
724,Arman,Keeton,akeetonk3@mit.edu,Male,78.191.6.206
725,Philly,Birk,pbirkk4@usda.gov,Female,14.186.74.149
726,Tommy,Pagel,tpagelk5@privacy.gov.au,Male,254.218.89.60
727,Fidole,Lusty,flustyk6@technorati.com,Male,90.187.185.127
728,Teodoor,Filov,tfilovk7@ovh.net,Male,36.17.22.72
729,Ash,Soloway,asolowayk8@huffingtonpost.com,Male,199.167.105.206
730,Corliss,Wearing,cwearingk9@redcross.org,Female,186.229.0.251
731,Phillis,Oliff,poliffka@prlog.org,Female,107.25.209.212
732,Harwell,Broschke,hbroschkekb@shop-pro.jp,Male,118.187.219.87
733,Nefen,Khristyukhin,nkhristyukhinkc@zimbio.com,Male,76.108.98.7
734,Andriana,Bourner,abournerkd@usnews.com,Female,92.217.191.27
735,Klemens,Mengue,kmengueke@furl.net,Male,160.112.149.106
736,Barnaby,Elcum,belcumkf@hp.com,Male,42.114.66.178
737,Frasier,Dillow,fdillowkg@narod.ru,Male,179.89.20.53
738,Adamo,Fernanando,afernanandokh@cpanel.net,Male,183.141.180.244
739,Drake,Illesley,dillesleyki@xrea.com,Male,10.244.41.20
740,Fransisco,Goodman,fgoodmankj@stumbleupon.com,Male,184.132.85.188
741,Clareta,Malinson,cmalinsonkk@jimdo.com,Female,128.230.36.205
742,Waylan,Port,wportkl@eepurl.com,Male,208.3.7.29
743,Jasun,Nelligan,jnelligankm@rambler.ru,Male,250.223.200.52
744,Vicki,Stivens,vstivenskn@xrea.com,Female,119.194.141.228
745,Reagen,Matanin,rmataninko@spotify.com,Male,147.184.89.203
746,Thorn,Mannie,tmanniekp@topsy.com,Male,130.132.171.117
747,Baird,Hoyte,bhoytekq@dyndns.org,Male,198.202.64.65
748,Cyrille,Krienke,ckrienkekr@fastcompany.com,Male,68.121.43.56
749,Araldo,Cruxton,acruxtonks@cornell.edu,Male,155.143.83.128
750,Gerri,Rickasse,grickassekt@nationalgeographic.com,Male,221.12.167.32
751,Anya,Sowrey,asowreyku@miitbeian.gov.cn,Female,46.49.83.198
752,Alard,Marfell,amarfellkv@icio.us,Male,183.84.164.242
753,Nonnah,Limpricht,nlimprichtkw@gmpg.org,Female,222.178.49.47
754,Joseph,Krink,jkrinkkx@irs.gov,Male,247.81.5.67
755,Frederick,Close,fcloseky@tiny.cc,Male,86.240.1.199
756,Kristina,Sandeford,ksandefordkz@discovery.com,Female,85.248.150.243
757,Rosmunda,Esslemont,resslemontl0@gizmodo.com,Female,229.72.212.128
758,Way,Glayzer,wglayzerl1@blogspot.com,Male,157.26.93.111
759,Lewie,Yare,lyarel2@nsw.gov.au,Male,136.127.112.2
760,Jaymee,Philipeau,jphilipeaul3@seesaa.net,Female,102.241.126.2
761,Mathias,Yallop,myallopl4@ehow.com,Male,156.192.247.110
762,Carrol,Formie,cformiel5@miitbeian.gov.cn,Male,62.48.81.219
763,Cristine,Benedito,cbeneditol6@mlb.com,Female,190.119.236.209
764,Pace,Sayse,psaysel7@walmart.com,Male,235.206.238.81
765,Kipp,Camacho,kcamachol8@wisc.edu,Female,21.116.185.110
766,Darcie,Linsay,dlinsayl9@rakuten.co.jp,Female,15.154.132.179
767,Hartwell,Frisch,hfrischla@reference.com,Male,191.204.207.69
768,Bobinette,Eames,beameslb@clickbank.net,Female,154.161.30.158
769,Wallie,Ricardon,wricardonlc@webs.com,Male,36.133.67.40
770,Wye,Petrozzi,wpetrozzild@360.cn,Male,5.110.159.238
771,Marlena,Duxbury,mduxburyle@arstechnica.com,Female,77.209.193.73
772,Jeannette,Finicj,jfinicjlf@senate.gov,Female,62.105.169.241
773,Rea,Piscopello,rpiscopellolg@de.vu,Female,229.114.23.126
774,Vladimir,Cade,vcadelh@creativecommons.org,Male,60.184.248.66
775,Tadeo,McBeith,tmcbeithli@w3.org,Male,129.176.218.170
776,Nathalia,Kentish,nkentishlj@craigslist.org,Female,9.192.75.75
777,Eamon,Carde,ecardelk@msu.edu,Male,203.77.132.186
778,Jecho,Doust,jdoustll@nba.com,Male,11.91.108.117
779,Granville,Ruusa,gruusalm@nyu.edu,Male,15.175.174.59
780,Donnie,Blaw,dblawln@hhs.gov,Male,139.33.58.205
781,Adeline,Iglesia,aiglesialo@opera.com,Female,153.3.204.35
782,Kippy,Leinweber,kleinweberlp@jugem.jp,Male,239.181.97.138
783,Hasheem,Bouzek,hbouzeklq@aboutads.info,Male,11.141.127.166
784,Pierce,Wykes,pwykeslr@ustream.tv,Male,245.134.232.105
785,Leyla,Dmitr,ldmitrls@cyberchimps.com,Female,56.20.233.161
786,Lizzy,Managh,lmanaghlt@clickbank.net,Female,115.154.139.212
787,Katina,Haldenby,khaldenbylu@businesswire.com,Female,50.148.54.249
788,Glenden,Doghartie,gdoghartielv@privacy.gov.au,Male,76.113.30.148
789,Malchy,Piggrem,mpiggremlw@businesswire.com,Male,207.122.71.212
790,Isacco,Szymonowicz,iszymonowiczlx@cam.ac.uk,Male,114.31.230.171
791,Isabel,Jacobs,ijacobsly@twitter.com,Female,252.220.197.30
792,Bryant,Sworder,bsworderlz@multiply.com,Male,8.109.252.177
793,Arty,MacKintosh,amackintoshm0@4shared.com,Male,209.99.20.66
794,Avictor,Frere,afrerem1@microsoft.com,Male,135.123.233.93
795,Henrieta,Sammons,hsammonsm2@gov.uk,Female,249.213.78.231
796,Aggi,Worral,aworralm3@ning.com,Female,13.191.30.200
797,Winnie,Coetzee,wcoetzeem4@csmonitor.com,Male,21.135.144.106
798,Viki,Tale,vtalem5@zdnet.com,Female,3.172.201.227
799,Meir,Simoens,msimoensm6@netlog.com,Male,19.74.31.246
800,Jorie,Beri,jberim7@accuweather.com,Female,151.109.181.216
801,Verla,Goolding,vgooldingm8@sfgate.com,Female,93.23.102.83
802,Eloise,Cote,ecotem9@marketwatch.com,Female,183.5.142.138
803,Ardenia,Creyke,acreykema@networkadvertising.org,Female,89.189.154.149
804,Cynthea,Heddy,cheddymb@google.co.uk,Female,124.188.42.47
805,Lainey,Wilhelmy,lwilhelmymc@alexa.com,Female,203.156.144.207
806,Elena,Caukill,ecaukillmd@google.nl,Female,144.43.16.229
807,Ade,Ackhurst,aackhurstme@51.la,Male,78.127.70.77
808,Currie,Bullough,cbulloughmf@blogs.com,Male,190.52.216.213
809,Rosina,Fellgate,rfellgatemg@cafepress.com,Female,77.158.250.51
810,Walther,Robatham,wrobathammh@usgs.gov,Male,193.184.236.9
811,Adolf,Keel,akeelmi@redcross.org,Male,5.70.128.35
812,Adolf,Lancett,alancettmj@jiathis.com,Male,131.18.168.22
813,Nate,Beadman,nbeadmanmk@goo.gl,Male,135.208.60.86
814,Tiphanie,Sizzey,tsizzeyml@meetup.com,Female,80.12.248.68
815,Vinnie,Lyddyard,vlyddyardmm@census.gov,Female,244.55.229.32
816,Stillmann,Cotsford,scotsfordmn@mayoclinic.com,Male,77.109.171.228
817,Edwin,Ofener,eofenermo@linkedin.com,Male,218.202.193.102
818,Alwin,Eberdt,aeberdtmp@nsw.gov.au,Male,67.221.151.62
819,Noelle,Shilton,nshiltonmq@addthis.com,Female,112.245.24.152
820,Lem,Mosconi,lmosconimr@about.me,Male,216.171.220.49
821,Ignatius,Jesty,ijestyms@instagram.com,Male,30.31.190.248
822,Tad,Maleck,tmaleckmt@google.ca,Male,179.191.106.73
823,Hesther,Dunnett,hdunnettmu@prweb.com,Female,54.97.220.137
824,Brice,Prendeguest,bprendeguestmv@mail.ru,Male,224.57.225.210
825,Ange,Massei,amasseimw@ed.gov,Female,39.167.158.46
826,Klarrisa,Bail,kbailmx@google.ru,Female,53.32.192.184
827,Luca,Mungham,lmunghammy@dailymail.co.uk,Male,76.64.201.125
828,Kaine,Monroe,kmonroemz@sohu.com,Male,161.28.251.163
829,Alisun,Rizzo,arizzon0@fema.gov,Female,8.93.1.134
830,Sylas,Kiff,skiffn1@altervista.org,Male,173.27.44.7
831,Armstrong,MacFadzan,amacfadzann2@arstechnica.com,Male,116.137.232.141
832,Quinta,Ellesworth,qellesworthn3@dropbox.com,Female,233.90.18.171
833,Fawnia,Smoote,fsmooten4@weibo.com,Female,207.207.56.149
834,Johny,Ceillier,jceilliern5@gravatar.com,Male,84.156.89.149
835,Sophia,Torbet,storbetn6@spiegel.de,Female,155.114.56.55
836,Rockwell,Raubenheimers,rraubenheimersn7@geocities.com,Male,36.231.173.105
837,Hermine,Bail,hbailn8@fotki.com,Female,132.105.240.116
838,Earl,Rodson,erodsonn9@51.la,Male,152.105.104.83
839,Odelle,Bundey,obundeyna@themeforest.net,Female,183.43.41.184
840,Boony,Sellen,bsellennb@tuttocitta.it,Male,251.254.147.94
841,Lulita,Gotts,lgottsnc@army.mil,Female,117.100.207.60
842,Kin,Franzke,kfranzkend@vinaora.com,Male,49.23.145.149
843,Lorrie,Forsdicke,lforsdickene@sfgate.com,Male,81.12.149.89
844,Sherm,Eaklee,seakleenf@engadget.com,Male,142.80.228.251
845,Maggee,Losseljong,mlosseljongng@webeden.co.uk,Female,178.223.79.96
846,Towney,Derobert,tderobertnh@dropbox.com,Male,139.214.195.32
847,Dedra,Tomasek,dtomasekni@wired.com,Female,110.163.145.147
848,Dino,Wegenen,dwegenennj@github.io,Male,122.136.82.247
849,Brooks,Rosson,brossonnk@mashable.com,Female,112.241.86.166
850,Lynna,Kyngdon,lkyngdonnl@xinhuanet.com,Female,115.98.112.226
851,Mic,Gooderidge,mgooderidgenm@topsy.com,Male,12.101.181.61
852,Laurella,Burrass,lburrassnn@columbia.edu,Female,98.203.80.116
853,Cherice,Lumbers,clumbersno@cloudflare.com,Female,11.57.156.170
854,Roslyn,Heymann,rheymannnp@issuu.com,Female,123.118.149.157
855,Christabella,Clere,cclerenq@salon.com,Female,84.70.152.11
856,Monroe,Slocomb,mslocombnr@blogtalkradio.com,Male,205.16.254.193
857,Maurita,Littlejohn,mlittlejohnns@rakuten.co.jp,Female,242.220.210.153
858,Hedi,Noen,hnoennt@bizjournals.com,Female,114.169.120.175
859,Rolfe,Colbrun,rcolbrunnu@buzzfeed.com,Male,14.79.48.7
860,Clevey,Woolnough,cwoolnoughnv@illinois.edu,Male,61.38.214.173
861,Elisha,Persich,epersichnw@drupal.org,Female,139.87.69.154
862,Tammie,Jobe,tjobenx@twitter.com,Male,8.14.71.36
863,Raeann,Pringour,rpringourny@addthis.com,Female,113.190.25.157
864,Alyssa,Lammas,alammasnz@princeton.edu,Female,77.138.79.83
865,Farica,Copozio,fcopozioo0@state.gov,Female,133.127.115.144
866,Lalo,Treadgear,ltreadgearo1@chron.com,Male,23.102.130.81
867,Gian,Trembey,gtrembeyo2@soundcloud.com,Male,74.250.68.157
868,Riobard,Fearneley,rfearneleyo3@marriott.com,Male,61.54.2.61
869,Aldis,Blampy,ablampyo4@goo.ne.jp,Male,113.223.183.0
870,Othella,Nise,oniseo5@springer.com,Female,87.60.151.205
871,Darrin,Quogan,dquogano6@alibaba.com,Male,75.40.244.76
872,Ceciley,O'Fergus,coferguso7@bing.com,Female,97.17.238.4
873,Abey,Arber,aarbero8@seattletimes.com,Male,61.135.114.178
874,Tony,Roocroft,troocrofto9@washington.edu,Male,52.130.17.226
875,Lusa,Maystone,lmaystoneoa@feedburner.com,Female,212.187.52.103
876,Charlton,Garm,cgarmob@theatlantic.com,Male,173.213.31.101
877,Edithe,Charlesworth,echarlesworthoc@live.com,Female,45.145.239.125
878,Bathsheba,Atthowe,batthoweod@economist.com,Female,6.83.170.73
879,Morey,Rougier,mrougieroe@miibeian.gov.cn,Male,201.41.51.69
880,Lynsey,Scranedge,lscranedgeof@mashable.com,Female,21.1.203.227
881,Burgess,Stanmore,bstanmoreog@nih.gov,Male,172.33.224.96
882,Jessamine,McKeand,jmckeandoh@unblog.fr,Female,110.138.105.212
883,Garey,Brimicombe,gbrimicombeoi@scientificamerican.com,Male,170.30.191.249
884,Sibilla,Dodshon,sdodshonoj@soup.io,Female,217.97.232.164
885,Rex,Mounce,rmounceok@mozilla.com,Male,51.136.118.28
886,Gabriela,Kolushev,gkolushevol@google.com.au,Female,149.59.145.129
887,Harwilll,Gration,hgrationom@hp.com,Male,126.196.186.22
888,Flss,Jendrach,fjendrachon@ezinearticles.com,Female,213.254.4.9
889,Willette,Kissack,wkissackoo@skype.com,Female,152.235.94.162
890,Hannah,Crambie,hcrambieop@google.com.br,Female,209.96.70.14
891,Alexandrina,Whittek,awhittekoq@cdbaby.com,Female,176.75.229.246
892,Woodie,Ireson,wiresonor@cnbc.com,Male,60.187.74.105
893,Paule,Melsom,pmelsomos@europa.eu,Female,89.156.41.136
894,Gael,Dowyer,gdowyerot@hp.com,Male,127.20.177.55
895,Kiersten,Manshaw,kmanshawou@theatlantic.com,Female,65.41.122.193
896,Lyon,Di Maria,ldimariaov@wikia.com,Male,178.132.207.115
897,Pat,Bayliss,pbaylissow@ft.com,Female,228.156.2.3
898,Mureil,Pedlar,mpedlarox@surveymonkey.com,Female,124.240.26.166
899,Fey,Bethell,fbethelloy@vimeo.com,Female,127.118.65.35
900,Talyah,Siss,tsissoz@macromedia.com,Female,171.15.91.139
901,Rogers,Logsdail,rlogsdailp0@nymag.com,Male,156.36.129.81
902,Lise,Spurman,lspurmanp1@dedecms.com,Female,74.127.246.74
903,Upton,Haacker,uhaackerp2@ucsd.edu,Male,251.12.112.246
904,Opalina,Burnett,oburnettp3@discovery.com,Female,136.236.217.228
905,Lisetta,Sarrell,lsarrellp4@mozilla.com,Female,172.32.237.97
906,Margot,Canaan,mcanaanp5@quantcast.com,Female,177.217.107.56
907,Verney,Duchenne,vduchennep6@opera.com,Male,114.159.106.98
908,Rhona,Pinchen,rpinchenp7@latimes.com,Female,254.160.78.134
909,Edgard,Cannop,ecannopp8@patch.com,Male,142.189.105.36
910,Carlie,Seggie,cseggiep9@wordpress.org,Male,175.24.122.250
911,Tuck,Roggieri,troggieripa@apple.com,Male,10.64.132.24
912,Skipper,Goodlake,sgoodlakepb@wix.com,Male,176.175.20.192
913,Loreen,Rossetti,lrossettipc@gizmodo.com,Female,46.235.197.134
914,Annabel,Pinchon,apinchonpd@nih.gov,Female,104.159.246.213
915,Halie,Delhay,hdelhaype@statcounter.com,Female,36.141.187.61
916,Adair,Semark,asemarkpf@sina.com.cn,Male,243.194.173.51
917,Isidore,Handy,ihandypg@plala.or.jp,Male,7.190.73.232
918,Lainey,Stollsteiner,lstollsteinerph@fema.gov,Female,123.10.9.241
919,Nat,Gudge,ngudgepi@ycombinator.com,Male,223.16.166.94
920,Cleon,MacLeese,cmacleesepj@sakura.ne.jp,Male,102.18.111.205
921,Finlay,Station,fstationpk@skyrock.com,Male,59.70.41.136
922,Gail,Stockdale,gstockdalepl@lycos.com,Male,87.36.40.109
923,Llewellyn,Dillingham,ldillinghampm@omniture.com,Male,102.4.137.212
924,Pietrek,Elan,pelanpn@earthlink.net,Male,3.135.239.235
925,Stern,Esmead,sesmeadpo@miitbeian.gov.cn,Male,180.80.176.246
926,Whitaker,Wardlaw,wwardlawpp@uiuc.edu,Male,55.4.50.115
927,Berny,Hallum,bhallumpq@barnesandnoble.com,Female,155.118.146.90
928,Matias,Grahame,mgrahamepr@infoseek.co.jp,Male,61.26.163.239
929,Rosanna,Trude,rtrudeps@noaa.gov,Female,108.248.120.104
930,Siffre,Skottle,sskottlept@webnode.com,Male,22.53.65.3
931,Alexine,Kleint,akleintpu@digg.com,Female,62.17.250.200
932,Pepi,Bichard,pbichardpv@adobe.com,Female,242.128.229.223
933,Elianore,Almey,ealmeypw@chron.com,Female,33.241.240.15
934,Adara,Scowcraft,ascowcraftpx@addthis.com,Female,24.153.117.81
935,Alexi,Dray,adraypy@mac.com,Female,157.237.33.65
936,Christina,Fortnum,cfortnumpz@123-reg.co.uk,Female,75.114.101.160
937,Ulrich,Stainer,ustainerq0@cornell.edu,Male,38.151.97.131
938,Em,Mildner,emildnerq1@ucsd.edu,Female,190.248.3.239
939,Vite,Kelsall,vkelsallq2@marriott.com,Male,194.223.199.213
940,Murry,Tythacott,mtythacottq3@msn.com,Male,201.159.67.123
941,Sayer,Braune,sbrauneq4@time.com,Male,231.107.3.53
942,Melloney,Jacklin,mjacklinq5@liveinternet.ru,Female,104.18.118.63
943,Hugibert,Boater,hboaterq6@google.it,Male,212.40.170.95
944,Hadley,Whitworth,hwhitworthq7@washington.edu,Male,77.85.52.219
945,Novelia,Niezen,nniezenq8@discovery.com,Female,16.18.177.42
946,Carine,Turn,cturnq9@nih.gov,Female,184.186.70.117
947,Ondrea,Maffey,omaffeyqa@csmonitor.com,Female,73.12.195.160
948,Neda,Oswal,noswalqb@angelfire.com,Female,149.56.26.249
949,Bobbe,Olerenshaw,bolerenshawqc@dell.com,Female,76.132.152.63
950,Phylis,Hansill,phansillqd@skyrock.com,Female,227.189.71.198
951,Ingamar,Ruppelin,iruppelinqe@apache.org,Male,152.242.83.194
952,Bronson,Verlander,bverlanderqf@telegraph.co.uk,Male,1.209.255.22
953,Wells,Frostdyke,wfrostdykeqg@hubpages.com,Male,45.1.75.105
954,Glenn,Ebanks,gebanksqh@princeton.edu,Female,240.24.94.160
955,Mano,Fleckness,mflecknessqi@spotify.com,Male,246.170.172.70
956,Ema,Cheales,echealesqj@gizmodo.com,Female,51.142.57.124
957,Barry,Longega,blongegaqk@hc360.com,Male,191.59.96.52
958,Benedict,Openshaw,bopenshawql@gmpg.org,Male,148.157.98.46
959,Kalle,McGenn,kmcgennqm@yellowpages.com,Male,79.119.106.246
960,Mel,Keyho,mkeyhoqn@home.pl,Female,211.216.70.3
961,Guinna,Sprigging,gspriggingqo@prweb.com,Female,125.226.216.150
962,Gillian,Deignan,gdeignanqp@economist.com,Female,219.61.108.34
963,Britt,Lerner,blernerqq@addtoany.com,Female,207.254.109.180
964,Calv,Fairham,cfairhamqr@hubpages.com,Male,139.90.75.124
965,Sabina,Ishak,sishakqs@symantec.com,Female,233.29.189.171
966,Johnathon,Babb,jbabbqt@twitter.com,Male,238.247.107.214
967,Brit,Isaksson,bisakssonqu@theatlantic.com,Female,160.221.84.120
968,Harriott,Narducci,hnarducciqv@cornell.edu,Female,70.13.220.209
969,Abdel,Pauler,apaulerqw@deliciousdays.com,Male,145.245.111.27
970,Wyatt,Bortolozzi,wbortolozziqx@opera.com,Male,103.121.116.167
971,Jane,Jacobsohn,jjacobsohnqy@edublogs.org,Female,207.59.187.27
972,Mignonne,Pocke,mpockeqz@imgur.com,Female,204.99.171.8
973,Hugh,Donner,hdonnerr0@cmu.edu,Male,155.251.32.43
974,Lotta,Bennough,lbennoughr1@deviantart.com,Female,255.133.229.187
975,Alva,Butt Gow,abuttgowr2@cloudflare.com,Male,123.111.212.230
976,Cordy,Clacey,cclaceyr3@usatoday.com,Male,249.218.165.7
977,Valery,Buckley,vbuckleyr4@fc2.com,Female,111.0.144.125
978,Mallory,Lievesley,mlievesleyr5@washingtonpost.com,Male,169.24.197.83
979,Calli,Brodnecke,cbrodnecker6@desdev.cn,Female,118.102.189.243
980,Mathias,Bracken,mbrackenr7@businesswire.com,Male,157.116.102.48
981,Rey,Basey,rbaseyr8@smh.com.au,Male,130.1.8.38
982,Kristoforo,Bassingham,kbassinghamr9@google.com.au,Male,104.235.14.89
983,Merrily,Bickle,mbicklera@chronoengine.com,Female,253.20.180.81
984,Jourdain,Kiffin,jkiffinrb@list-manage.com,Male,217.134.146.29
985,Rhys,Kinton,rkintonrc@fc2.com,Male,255.68.43.201
986,Kameko,Pierro,kpierrord@yolasite.com,Female,147.213.123.146
987,Drugi,Culverhouse,dculverhousere@house.gov,Male,30.253.128.43
988,Austine,Graybeal,agraybealrf@lulu.com,Female,151.176.109.233
989,Henryetta,Dunne,hdunnerg@wikia.com,Female,13.178.121.135
990,Martguerita,Botwright,mbotwrightrh@ucsd.edu,Female,245.17.107.213
991,Paton,Marre,pmarreri@mlb.com,Male,157.170.136.228
992,Denny,Chestle,dchestlerj@theguardian.com,Male,215.140.111.107
993,Robinson,Ivanyushin,rivanyushinrk@people.com.cn,Male,131.52.168.196
994,Griffy,Radborn,gradbornrl@ameblo.jp,Male,126.144.101.136
995,Eugenia,Minkin,eminkinrm@ucsd.edu,Female,90.14.189.85
996,Katti,Wetwood,kwetwoodrn@thetimes.co.uk,Female,105.70.41.172
997,Missie,O'Devey,modeveyro@wix.com,Female,177.107.90.225
998,Brucie,Jerzykiewicz,bjerzykiewiczrp@yellowpages.com,Male,126.243.71.21
999,Armstrong,Rapps,arappsrq@google.es,Male,28.204.198.69
1000,Estevan,Peerman,epeermanrr@paginegialle.it,Male,180.93.207.178
